Timestamp,ADC Value,Conductance (ÂµS),Filtered_Conductance,Label
2024-11-20 15:53:34.095834,404,0.7673208448152998,0.7382915826218603,Normal
2024-11-20 15:53:35.096938,412,0.7524215230419383,0.7306539816929742,Normal
2024-11-20 15:53:36.097956,430,0.7209250351916067,0.7240226357390123,Normal
2024-11-20 15:53:37.098816,462,0.6709911686739765,0.7183479153450177,Normal
2024-11-20 15:53:38.099702,491,0.6313605759311907,0.7135801910960344,Normal
2024-11-20 15:53:39.100512,501,0.6187586464035851,0.7096698335771054,Normal
2024-11-20 15:53:40.101379,433,0.715930209275638,0.7065672133732745,Normal
2024-11-20 15:53:41.103050,427,0.7259900455055244,0.704222701069585,Normal
2024-11-20 15:53:42.103649,407,0.7616649602914572,0.7025866672510802,Normal
2024-11-20 15:53:43.104420,409,0.7579404654879145,0.7016094825028037,Normal
2024-11-20 15:53:44.105133,411,0.754252218535578,0.7012415174097991,Normal
2024-11-20 15:53:45.106198,412,0.7524215230419383,0.7014331425571096,Normal
2024-11-20 15:53:46.107053,417,0.74339974930642,0.702134728529779,Normal
2024-11-20 15:53:47.107712,423,0.7328551492885041,0.7032966459128503,Normal
2024-11-20 15:53:48.108339,455,0.6813140393988524,0.7048692652913673,Normal
2024-11-20 15:53:49.108914,444,0.6981933234249942,0.7068029572503733,Normal
2024-11-20 15:53:50.109581,434,0.7142806122813409,0.709048092374912,Normal
2024-11-20 15:53:51.110243,432,0.7175874432382545,0.7115550412500264,Normal
2024-11-20 15:53:52.110834,448,0.6919594976016907,0.7142741744607604,Normal
2024-11-20 15:53:53.111417,453,0.6843220278183527,0.7171558625921571,Normal
2024-11-20 15:53:54.112179,459,0.6753767022488519,0.7201504762292603,Normal
2024-11-20 15:53:55.123026,444,0.6981933234249942,0.7232083859571132,Normal
2024-11-20 15:53:56.123884,443,0.6997693695597164,0.7262799623607594,Normal
2024-11-20 15:53:57.125104,416,0.7451867546179344,0.7293155760252422,Normal
2024-11-20 15:53:58.125688,427,0.7259900455055244,0.7322655975356053,Normal
2024-11-20 15:53:59.126257,437,0.7093771188350837,0.7350803974768778,Normal
2024-11-20 15:54:00.126906,434,0.7142806122813409,0.7387063076037824,Normal
2024-11-20 15:54:01.127579,453,0.6843220278183527,0.7416243783420156,Normal
2024-11-20 15:54:02.128244,404,0.7673208448152998,0.7431295295341483,Normal
2024-11-20 15:54:03.129011,409,0.7579404654879145,0.742465156154504,Normal
2024-11-20 15:54:04.129585,412,0.7524215230419383,0.7396589115701158,Normal
2024-11-20 15:54:05.130222,416,0.7451867546179344,0.7353674883512048,Normal
2024-11-20 15:54:06.130799,415,0.7469823719389084,0.7332598950612447,Normal
2024-11-20 15:54:07.131373,406,0.7635409680369436,0.7308593397603529,Normal
2024-11-20 15:54:08.132038,407,0.7616649602914572,0.7291219631492353,Normal
2024-11-20 15:54:09.132966,425,0.7294064443294649,0.7270462859139741,Normal
2024-11-20 15:54:10.133806,419,0.7398513280689333,0.724439043654585,Normal
2024-11-20 15:54:11.139264,408,0.7597981485924985,0.7213494875273698,Normal
2024-11-20 15:54:12.141570,403,0.7692248521165223,0.7179556435769645,Normal
2024-11-20 15:54:13.143275,370,0.837830818174226,0.7141987171232926,Normal
2024-11-20 15:54:14.143905,412,0.7524215230419383,0.7083617507239788,Normal
2024-11-20 15:54:15.144491,414,0.7487866636747407,0.702733948378831,Normal
2024-11-20 15:54:16.145079,481,0.644486490835506,0.6972988108619202,Normal
2024-11-20 15:54:17.145647,487,0.63654625607106,0.6917620204981288,Normal
2024-11-20 15:54:18.146233,463,0.6695419533908089,0.6850790039022016,Normal
2024-11-20 15:54:19.146815,465,0.6666622222518517,0.6780459706200507,Normal
2024-11-20 15:54:20.147469,454,0.6828147208686461,0.6648666929176249,Normal
2024-11-20 15:54:21.148388,460,0.6739085019209653,0.658499567903746,Normal
2024-11-20 15:54:22.148974,444,0.6981933234249942,0.6521897129119312,Normal
2024-11-20 15:54:23.149552,511,0.606649940088426,0.6426140055189921,Normal
2024-11-20 15:54:24.150136,508,0.6102324966127175,0.6345308923055092,Normal
2024-11-20 15:54:25.150732,520,0.5961502921809504,0.6296997188103608,Normal
2024-11-20 15:54:26.151388,524,0.5915995535140919,0.6251586036659623,Normal
2024-11-20 15:54:27.152318,525,0.5904727038754628,0.6194746216843522,Normal
2024-11-20 15:54:28.152907,526,0.589350138810969,0.6166020375963244,Normal
2024-11-20 15:54:29.153479,526,0.589350138810969,0.6138461899358859,Normal
2024-11-20 15:54:30.154064,526,0.589350138810969,0.6113228812997992,Normal
2024-11-20 15:54:31.154646,532,0.5827033714653167,0.6088302263834116,Normal
2024-11-20 15:54:32.155231,531,0.5838007348732992,0.6065915859039887,Normal
2024-11-20 15:54:33.155822,531,0.5838007348732992,0.6052654029783199,Normal
2024-11-20 15:54:34.156586,532,0.5827033714653167,0.6043131073662513,Normal
2024-11-20 15:54:35.157156,526,0.589350138810969,0.6024014576135354,Normal
2024-11-20 15:54:36.157752,518,0.5984520169859987,0.6014014589675283,Normal
2024-11-20 15:54:37.158416,521,0.5950060565858437,0.6014187579640398,Normal
2024-11-20 15:54:38.159321,525,0.5904727038754628,0.602307334480411,Normal
2024-11-20 15:54:39.160036,518,0.5984520169859987,0.6060833555246896,Normal
2024-11-20 15:54:40.160620,521,0.5950060565858437,0.608048890781323,Normal
2024-11-20 15:54:41.161192,521,0.5950060565858437,0.610882826918272,Normal
2024-11-20 15:54:42.161791,521,0.5950060565858437,0.6110222664918342,Normal
2024-11-20 15:54:43.162439,516,0.6007715845117985,0.6116032378477153,Normal
2024-11-20 15:54:44.163274,521,0.5950060565858437,0.612853447600206,Normal
2024-11-20 15:54:45.163899,386,0.8031023585043747,0.6128625171152511,Normal
2024-11-20 15:54:46.164485,512,0.6054650840981236,0.6153572845876514,Normal
2024-11-20 15:54:47.165058,518,0.5984520169859987,0.6165131056085755,Normal
2024-11-20 15:54:48.165649,403,0.7692248521165223,0.618805107231282,Normal
2024-11-20 15:54:49.166316,425,0.7294064443294649,0.6186288044272432,Normal
2024-11-20 15:54:50.167158,505,0.6138576179037316,0.6203411084481556,Normal
2024-11-20 15:54:51.167756,510,0.6078394425445649,0.6213866989642947,Normal
2024-11-20 15:54:52.168341,505,0.6138576179037316,0.6191497658307039,Normal
2024-11-20 15:54:53.169085,513,0.6042848474015069,0.6162148393402315,Normal
2024-11-20 15:54:54.169948,516,0.6007715845117985,0.6153089941515273,Normal
2024-11-20 15:54:55.170599,520,0.5961502921809504,0.6177692547751663,Normal
2024-11-20 15:54:56.171450,520,0.5961502921809504,0.6201408421161553,Normal
2024-11-20 15:54:57.172349,518,0.5984520169859987,0.6178212684693591,Normal
2024-11-20 15:54:58.173017,520,0.5961502921809504,0.6182847820225356,Normal
2024-11-20 15:54:59.173649,520,0.5961502921809504,0.6203053404778318,Normal
2024-11-20 15:55:00.174253,508,0.6102324966127175,0.6217891334522037,Normal
2024-11-20 15:55:01.174837,514,0.6031092030378805,0.6226595548297349,Normal
2024-11-20 15:55:02.175510,512,0.6054650840981236,0.6223609846092261,Normal
2024-11-20 15:55:03.176371,511,0.606649940088426,0.6228300265361694,Normal
2024-11-20 15:55:04.181005,510,0.6078394425445649,0.6227256413097411,Normal
2024-11-20 15:55:05.181581,504,0.6150755818763813,0.6223523992304918,Normal
2024-11-20 15:55:06.182170,512,0.6054650840981236,0.6210153514861783,Normal
2024-11-20 15:55:07.182766,512,0.6054650840981236,0.6185750005671666,Normal
2024-11-20 15:55:08.183461,532,0.5827033714653167,0.6172287400419123,Normal
2024-11-20 15:55:09.184497,521,0.5950060565858437,0.616925405767163,Normal
2024-11-20 15:55:10.185096,480,0.6458291623533264,0.6160602594969086,Normal
2024-11-20 15:55:11.185676,525,0.5904727038754628,0.6214480208518648,Normal
2024-11-20 15:55:12.186295,484,0.6404917654453041,0.6210504839336707,Normal
2024-11-20 15:55:13.186883,479,0.6471774399789898,0.6209038084868689,Normal
2024-11-20 15:55:14.187471,473,0.6553868251603425,0.6258986147964056,Normal
2024-11-20 15:55:15.188081,519,0.5972989371354429,0.6300287683313819,Normal
2024-11-20 15:55:16.188683,515,0.6019381242559511,0.631086655360676,Normal
2024-11-20 15:55:17.189255,434,0.7142806122813409,0.6319092117389242,Normal
2024-11-20 15:55:18.189838,410,0.7560918441836172,0.6326832508183475,Normal
2024-11-20 15:55:19.190501,441,0.7029429044829844,0.6329638173647194,Normal
2024-11-20 15:55:20.191338,527,0.5882318339303887,0.6331137542973311,Normal
2024-11-20 15:55:21.192002,536,0.5783548639923911,0.632860876622547,Normal
2024-11-20 15:55:22.192589,424,0.7311267299696631,0.6324830857063184,Normal
2024-11-20 15:55:23.193166,482,0.6431493905329655,0.6326892192157724,Normal
2024-11-20 15:55:24.193748,534,0.5805209745037061,0.6327468743615836,Normal
2024-11-20 15:55:25.194421,533,0.581610125719719,0.6324359075022419,Normal
2024-11-20 15:55:26.195262,521,0.5950060565858437,0.6320717386171057,Normal
2024-11-20 15:55:27.195869,487,0.63654625607106,0.6314047452186416,Normal
2024-11-20 15:55:28.196455,516,0.6007715845117985,0.630589091872263,Normal
2024-11-20 15:55:29.197018,512,0.6054650840981236,0.6296938082931837,Normal
2024-11-20 15:55:30.197614,505,0.6138576179037316,0.6286168323027029,Normal
2024-11-20 15:55:31.199777,486,0.6378560136756329,0.6272853327608303,Normal
2024-11-20 15:55:32.200667,459,0.6753767022488519,0.6259055774231159,Normal
2024-11-20 15:55:33.201233,486,0.6378560136756329,0.6225511872721105,Normal
2024-11-20 15:55:34.201810,516,0.6007715845117985,0.6199520614541851,Normal
2024-11-20 15:55:35.202385,514,0.6031092030378805,0.617814335475185,Normal
2024-11-20 15:55:36.202979,509,0.6090336188522231,0.617068895858188,Normal
2024-11-20 15:55:37.203742,499,0.6212386255716649,0.6144776777957244,Normal
2024-11-20 15:55:38.207838,518,0.5984520169859987,0.6132325571159923,Normal
2024-11-20 15:55:39.208455,515,0.6019381242559511,0.6121272906817916,Normal
2024-11-20 15:55:40.209124,505,0.6138576179037316,0.6112992280194693,Normal
2024-11-20 15:55:41.209787,507,0.6114361036451256,0.6085718035827896,Normal
2024-11-20 15:55:42.210479,508,0.6102324966127175,0.6057834182129835,Normal
2024-11-20 15:55:43.211174,504,0.6150755818763813,0.6063571512919638,Normal
2024-11-20 15:55:44.212044,500,0.6199961560238326,0.6084475374068729,Normal
2024-11-20 15:55:45.212634,502,0.6175260670701038,0.6099068028482941,Normal
2024-11-20 15:55:46.213220,498,0.6224860849259775,0.6082387491524683,Normal
2024-11-20 15:55:47.213917,498,0.6224860849259775,0.605910599037309,Normal
2024-11-20 15:55:48.214498,518,0.5984520169859987,0.608431060105852,Normal
2024-11-20 15:55:49.215219,524,0.5915995535140919,0.6087279191811864,Normal
2024-11-20 15:55:50.216104,522,0.5938662050091273,0.6071268479740396,Normal
2024-11-20 15:55:51.216764,515,0.6019381242559511,0.6045788625745768,Normal
2024-11-20 15:55:52.239242,518,0.5984520169859987,0.6029330747173307,Normal
2024-11-20 15:55:53.240011,518,0.5984520169859987,0.6029117395893008,Normal
2024-11-20 15:55:54.240819,521,0.5950060565858437,0.601903726464182,Normal
2024-11-20 15:55:55.241461,521,0.5950060565858437,0.6009069157515732,Normal
2024-11-20 15:55:56.242145,512,0.6054650840981236,0.5998952691847556,Normal
2024-11-20 15:55:57.242784,524,0.5915995535140919,0.599635127835521,Normal
2024-11-20 15:55:58.243356,472,0.6567753474500485,0.6006223547986965,Normal
2024-11-20 15:55:59.244112,512,0.6054650840981236,0.6006150672178414,Normal
2024-11-20 15:56:00.244692,524,0.5915995535140919,0.5997128172467021,Normal
2024-11-20 15:56:01.245358,526,0.589350138810969,0.5988040932576181,Normal
2024-11-20 15:56:02.246210,525,0.5904727038754628,0.5976037800911762,Normal
2024-11-20 15:56:03.246994,527,0.5882318339303887,0.597075071740323,Normal
2024-11-20 15:56:04.247773,526,0.589350138810969,0.5961095687459989,Normal
2024-11-20 15:56:05.248515,526,0.589350138810969,0.5947901916216525,Normal
2024-11-20 15:56:06.249104,523,0.5927307123036173,0.5940962958778337,Normal
2024-11-20 15:56:07.249702,524,0.5915995535140919,0.5933198818149767,Normal
2024-11-20 15:56:08.250287,522,0.5938662050091273,0.59274223912525,Normal
2024-11-20 15:56:09.250864,512,0.6054650840981236,0.5920414495885372,Normal
2024-11-20 15:56:10.251449,521,0.5950060565858437,0.5916168674365212,Normal
2024-11-20 15:56:11.252053,525,0.5904727038754628,0.5914139956249992,Normal
2024-11-20 15:56:12.252701,521,0.5950060565858437,0.5915114010851356,Normal
2024-11-20 15:56:13.253534,526,0.589350138810969,0.5917181814485755,Normal
2024-11-20 15:56:14.254088,526,0.589350138810969,0.5912689422108154,Normal
2024-11-20 15:56:15.254702,526,0.589350138810969,0.5904986301761876,Normal
2024-11-20 15:56:16.255285,502,0.6175260670701038,0.5901093311274629,Normal
2024-11-20 15:56:17.255889,519,0.5972989371354429,0.5898212715775061,Normal
2024-11-20 15:56:18.256473,532,0.5827033714653167,0.5853974076262098,Normal
2024-11-20 15:56:19.257052,536,0.5783548639923911,0.5817863571250285,Normal
2024-11-20 15:56:20.257637,537,0.5772778592898253,0.5788058092264043,Normal
2024-11-20 15:56:21.258207,532,0.5827033714653167,0.5791425962640825,Normal
2024-11-20 15:56:22.258792,533,0.581610125719719,0.581383365300686,Normal
2024-11-20 15:56:23.259418,531,0.5838007348732992,0.5830696004376361,Normal
2024-11-20 15:56:24.260306,527,0.5882318339303887,0.5872352744873701,Normal
2024-11-20 15:56:25.260894,532,0.5827033714653167,0.5900059652172525,Normal
2024-11-20 15:56:26.261667,532,0.5827033714653167,0.5923018891475684,Normal
2024-11-20 15:56:27.262431,518,0.5984520169859987,0.5944493477273933,Normal
2024-11-20 15:56:28.263187,525,0.5904727038754628,0.5966268524333778,Normal
2024-11-20 15:56:29.263999,532,0.5827033714653167,0.5986463751555311,Normal
2024-11-20 15:56:30.265046,519,0.5972989371354429,0.6005621369418354,Normal
2024-11-20 15:56:31.265632,526,0.589350138810969,0.6023391339213768,Normal
2024-11-20 15:56:32.266219,524,0.5915995535140919,0.6040236466879818,Normal
2024-11-20 15:56:33.266808,530,0.5849022392510534,0.6054972131022519,Normal
2024-11-20 15:56:34.267464,520,0.5961502921809504,0.6068416377037934,Normal
2024-11-20 15:56:35.268203,520,0.5961502921809504,0.60853419388651,Normal
2024-11-20 15:56:36.269252,525,0.5904727038754628,0.6097949648689004,Normal
2024-11-20 15:56:37.270039,526,0.589350138810969,0.6109680035823559,Normal
2024-11-20 15:56:38.270653,525,0.5904727038754628,0.6120538307398787,Normal
2024-11-20 15:56:39.271264,524,0.5915995535140919,0.6127637244001433,Normal
2024-11-20 15:56:40.271880,520,0.5961502921809504,0.6132325619548752,Normal
2024-11-20 15:56:41.272520,530,0.5849022392510534,0.6136562334416187,Normal
2024-11-20 15:56:42.273367,526,0.589350138810969,0.6145146924586827,Normal
2024-11-20 15:56:43.274039,418,0.7416212941961436,0.6150453453025495,Normal
2024-11-20 15:56:44.274636,417,0.74339974930642,0.615228653364431,Normal
2024-11-20 15:56:45.275403,415,0.7469823719389084,0.6148615241658321,Normal
2024-11-20 15:56:46.276231,475,0.6526273196953872,0.6141821774483862,Normal
2024-11-20 15:56:47.276869,514,0.6031092030378805,0.6134107069945948,Normal
2024-11-20 15:56:48.278197,510,0.6078394425445649,0.6121352545301803,Normal
2024-11-20 15:56:49.278947,523,0.5927307123036173,0.611381582680445,Normal
2024-11-20 15:56:50.279969,523,0.5927307123036173,0.6107209444258301,Normal
2024-11-20 15:56:51.284993,523,0.5927307123036173,0.6098304679813416,Normal
2024-11-20 15:56:52.285776,524,0.5915995535140919,0.60871822269667,Normal
2024-11-20 15:56:53.286683,528,0.5871177650282735,0.60789589778022,Normal
2024-11-20 15:56:54.287970,530,0.5849022392510534,0.6060332811271487,Normal
2024-11-20 15:56:55.288975,531,0.5838007348732992,0.6042529018983585,Normal
2024-11-20 15:56:56.289562,532,0.5827033714653167,0.6027295939576359,Normal
2024-11-20 15:56:57.290144,531,0.5838007348732992,0.6010100385762783,Normal
2024-11-20 15:56:58.290735,530,0.5849022392510534,0.5991458911815852,Normal
2024-11-20 15:56:59.291419,528,0.5871177650282735,0.5971168151169916,Normal
2024-11-20 15:57:00.292295,531,0.5838007348732992,0.5951978108550504,Normal
2024-11-20 15:57:01.292890,530,0.5849022392510534,0.5933455312985361,Normal
2024-11-20 15:57:02.293536,536,0.5783548639923911,0.5913161223685451,Normal
2024-11-20 15:57:03.294126,534,0.5805209745037061,0.5891155814283174,Normal
2024-11-20 15:57:04.294782,532,0.5827033714653167,0.586891666065505,Normal
2024-11-20 15:57:05.295403,529,0.5860079080822022,0.5844040889543606,Normal
2024-11-20 15:57:06.296229,532,0.5827033714653167,0.5817385559119375,Normal
2024-11-20 15:57:07.299800,521,0.5950060565858437,0.5785643763363426,Normal
2024-11-20 15:57:08.300397,529,0.5860079080822022,0.5755422142363663,Normal
2024-11-20 15:57:09.301171,536,0.5783548639923911,0.5772271794581005,Normal
2024-11-20 15:57:10.301762,529,0.5860079080822022,0.5798208966727697,Normal
2024-11-20 15:57:11.302399,526,0.589350138810969,0.5833292596864247,Normal
2024-11-20 15:57:12.303187,523,0.5927307123036173,0.5843448052412719,Normal
2024-11-20 15:57:13.303800,512,0.6054650840981236,0.5840949741430137,Normal
2024-11-20 15:57:14.304375,529,0.5860079080822022,0.5841339714325529,Normal
2024-11-20 15:57:15.304961,533,0.581610125719719,0.5840379784773848,Normal
2024-11-20 15:57:16.305546,537,0.5772778592898253,0.5842618715651022,Normal
2024-11-20 15:57:17.306166,537,0.5772778592898253,0.5807307197293871,Normal
2024-11-20 15:57:18.306971,537,0.5772778592898253,0.5788102729026148,Normal
2024-11-20 15:57:19.308074,515,0.6019381242559511,0.5774009222526953,Normal
2024-11-20 15:57:20.308795,527,0.5882318339303887,0.5764343206664823,Normal
2024-11-20 15:57:21.309461,525,0.5904727038754628,0.5760006475111532,Normal
2024-11-20 15:57:22.310204,529,0.5860079080822022,0.5755088288740504,Normal
2024-11-20 15:57:23.311102,526,0.589350138810969,0.57543815747683,Normal
2024-11-20 15:57:24.311777,531,0.5838007348732992,0.5764132333559847,Normal
2024-11-20 15:57:25.312463,528,0.5871177650282735,0.5783768301862195,Normal
2024-11-20 15:57:26.313150,533,0.581610125719719,0.5824051490357289,Normal
2024-11-20 15:57:27.313775,537,0.5772778592898253,0.5863346863649253,Normal
2024-11-20 15:57:28.315792,538,0.5762048582991437,0.5901270650911812,Normal
2024-11-20 15:57:29.316518,542,0.5719524482424547,0.5941150858226478,Normal
2024-11-20 15:57:30.317121,538,0.5762048582991437,0.5981506070383956,Normal
2024-11-20 15:57:31.317926,532,0.5827033714653167,0.602088981579997,Normal
2024-11-20 15:57:32.318530,530,0.5849022392510534,0.6057010425974912,Normal
2024-11-20 15:57:33.324847,535,0.5794358948574316,0.6093821308806185,Normal
2024-11-20 15:57:34.325512,532,0.5827033714653167,0.6122755783018525,Normal
2024-11-20 15:57:35.326595,534,0.5805209745037061,0.6152233730960037,Normal
2024-11-20 15:57:36.327379,533,0.581610125719719,0.6178790227907707,Normal
2024-11-20 15:57:37.328003,522,0.5938662050091273,0.6205960712479412,Normal
2024-11-20 15:57:38.328677,519,0.5972989371354429,0.623244537448699,Normal
2024-11-20 15:57:39.329259,518,0.5984520169859987,0.6240302221732958,Normal
2024-11-20 15:57:40.331876,523,0.5927307123036173,0.6267525678103955,Normal
2024-11-20 15:57:41.332920,531,0.5838007348732992,0.6291939264265161,Normal
2024-11-20 15:57:42.333705,427,0.7259900455055244,0.6318033388573079,Normal
2024-11-20 15:57:43.334369,446,0.6950624334225479,0.6332872546315494,Normal
2024-11-20 15:57:44.335038,447,0.6935074946907527,0.6344898662853354,Normal
2024-11-20 15:57:45.335704,446,0.6950624334225479,0.6376873804258467,Normal
2024-11-20 15:57:46.336424,447,0.6935074946907527,0.6401732960820938,Normal
2024-11-20 15:57:47.337477,435,0.7126385995869914,0.6423853419073705,Normal
2024-11-20 15:57:48.338257,431,0.7192523673263602,0.6429020114882391,Normal
2024-11-20 15:57:49.339074,441,0.7029429044829844,0.6430327401439445,Normal
2024-11-20 15:57:50.340660,452,0.6858360042220949,0.6441466786232339,Normal
2024-11-20 15:57:51.341249,502,0.6175260670701038,0.6453982602251332,Normal
2024-11-20 15:57:52.341901,500,0.6199961560238326,0.6459566120444971,Normal
2024-11-20 15:57:53.342679,504,0.6150755818763813,0.6460092001714676,Normal
2024-11-20 15:57:54.343269,512,0.6054650840981236,0.64496119764108,Normal
2024-11-20 15:57:55.344014,517,0.5996095574668701,0.6422558295610661,Normal
2024-11-20 15:57:56.344601,517,0.5996095574668701,0.6396857530004256,Normal
2024-11-20 15:57:57.346135,516,0.6007715845117985,0.6382935323112661,Normal
2024-11-20 15:57:58.346765,512,0.6054650840981236,0.6378488543805203,Normal
2024-11-20 15:57:59.347941,500,0.6199961560238326,0.636268272195306,Normal
2024-11-20 15:58:00.348629,512,0.6054650840981236,0.6344256841482752,Normal
2024-11-20 15:58:01.349409,502,0.6175260670701038,0.6316995949991221,Normal
2024-11-20 15:58:02.350096,504,0.6150755818763813,0.6291683991951648,Normal
2024-11-20 15:58:03.350763,502,0.6175260670701038,0.626386038572005,Normal
2024-11-20 15:58:04.351469,443,0.6997693695597164,0.6231421215109287,Normal
2024-11-20 15:58:05.352445,500,0.6199961560238326,0.6189678927034914,Normal
2024-11-20 15:58:06.353100,500,0.6199961560238326,0.6141135856952059,Normal
2024-11-20 15:58:07.353807,515,0.6019381242559511,0.6094358328441687,Normal
2024-11-20 15:58:08.354578,490,0.6326490587508528,0.6086644296290994,Normal
2024-11-20 15:58:09.355276,486,0.6378560136756329,0.6086001174413709,Normal
2024-11-20 15:58:10.355966,527,0.5882318339303887,0.6097097658072435,Normal
2024-11-20 15:58:11.356818,527,0.5882318339303887,0.6113785954667239,Normal
2024-11-20 15:58:12.357399,527,0.5882318339303887,0.6128785044944405,Normal
2024-11-20 15:58:13.357995,489,0.6339428114054901,0.6153837597379996,Normal
2024-11-20 15:58:14.358637,478,0.6485313588970448,0.6163572051819463,Normal
2024-11-20 15:58:15.359726,513,0.6042848474015069,0.619025082134066,Normal
2024-11-20 15:58:16.360416,524,0.5915995535140919,0.6213952209494886,Normal
2024-11-20 15:58:17.361199,519,0.5972989371354429,0.6222488435294665,Normal
2024-11-20 15:58:18.361787,519,0.5972989371354429,0.6225136513236189,Normal
2024-11-20 15:58:19.362452,498,0.6224860849259775,0.623137645883528,Normal
2024-11-20 15:58:20.363209,463,0.6695419533908089,0.6231815298581918,Normal
2024-11-20 15:58:21.368100,464,0.6680989846835076,0.6226129977918751,Normal
2024-11-20 15:58:22.368766,492,0.6300773308135661,0.6218886174728749,Normal
2024-11-20 15:58:23.369356,527,0.5882318339303887,0.6189038815141423,Normal
2024-11-20 15:58:24.370025,511,0.606649940088426,0.6189358601625007,Normal
2024-11-20 15:58:25.370796,512,0.6054650840981236,0.6192067846001216,Normal
2024-11-20 15:58:26.371420,499,0.6212386255716649,0.6189249999136497,Normal
2024-11-20 15:58:27.372264,514,0.6031092030378805,0.6187706258905389,Normal
2024-11-20 15:58:28.373120,507,0.6114361036451256,0.6180206159662054,Normal
2024-11-20 15:58:29.373711,499,0.6212386255716649,0.6177500355067083,Normal
2024-11-20 15:58:30.374469,478,0.6485313588970448,0.6199497716270884,Normal
2024-11-20 15:58:31.375147,467,0.6638071567405013,0.6199637098125453,Normal
2024-11-20 15:58:32.378988,481,0.644486490835506,0.6199984696803014,Normal
2024-11-20 15:58:33.380076,468,0.6623887747752099,0.6193596130268924,Normal
2024-11-20 15:58:34.380701,496,0.6249960937744139,0.6194885970749707,Normal
2024-11-20 15:58:35.381300,524,0.5915995535140919,0.6197713180276948,Normal
2024-11-20 15:58:36.381976,536,0.5783548639923911,0.6184349344038717,Normal
2024-11-20 15:58:37.386197,528,0.5871177650282735,0.6167430167103096,Normal
2024-11-20 15:58:38.386988,535,0.5794358948574316,0.6147333933315733,Normal
2024-11-20 15:58:39.388009,473,0.6553868251603425,0.6138349538520558,Normal
2024-11-20 15:58:40.388832,516,0.6007715845117985,0.6135254613464622,Normal
2024-11-20 15:58:41.389423,512,0.6054650840981236,0.6118016577116796,Normal
2024-11-20 15:58:42.390021,524,0.5915995535140919,0.6095559116529011,Normal
2024-11-20 15:58:43.390634,507,0.6114361036451256,0.6071875422913753,Normal
2024-11-20 15:58:44.391410,524,0.5915995535140919,0.6036435312688508,Normal
2024-11-20 15:58:45.392028,520,0.5961502921809504,0.6012511503320903,Normal
2024-11-20 15:58:46.392628,512,0.6054650840981236,0.6000597401455051,Normal
2024-11-20 15:58:47.393221,512,0.6054650840981236,0.5995065714056216,Normal
2024-11-20 15:58:48.393811,452,0.6858360042220949,0.5980481135131802,Normal
2024-11-20 15:58:49.394477,526,0.589350138810969,0.595232835918011,Normal
2024-11-20 15:58:50.395865,526,0.589350138810969,0.5933770481571019,Normal
2024-11-20 15:58:51.396763,528,0.5871177650282735,0.5914445058117065,Normal
2024-11-20 15:58:52.398602,527,0.5882318339303887,0.5899829443228424,Normal
2024-11-20 15:58:53.399210,515,0.6019381242559511,0.587993054317438,Normal
2024-11-20 15:58:54.399814,531,0.5838007348732992,0.5864912010374201,Normal
2024-11-20 15:58:55.400420,530,0.5849022392510534,0.5844928972269555,Normal
2024-11-20 15:58:56.401035,532,0.5827033714653167,0.5841105502632513,Normal
2024-11-20 15:58:57.401766,537,0.5772778592898253,0.5826761121603083,Normal
2024-11-20 15:58:58.402363,539,0.5751358387363635,0.5824891551699388,Normal
2024-11-20 15:58:59.403241,540,0.5740707784825679,0.583188097805714,Normal
2024-11-20 15:59:00.407712,542,0.5719524482424547,0.5837275139540881,Normal
2024-11-20 15:59:01.408398,543,0.5708991348299853,0.5834437246067621,Normal
2024-11-20 15:59:02.409163,542,0.5719524482424547,0.582572132013269,Normal
2024-11-20 15:59:03.409931,542,0.5719524482424547,0.5819210349872054,Normal
2024-11-20 15:59:04.410704,540,0.5740707784825679,0.580941735045132,Normal
2024-11-20 15:59:05.411378,545,0.5688041040500503,0.5813177470607994,Normal
2024-11-20 15:59:06.412112,544,0.5698496938712299,0.5812738931985437,Normal
2024-11-20 15:59:07.412975,547,0.566724393335248,0.5816877767756731,Normal
2024-11-20 15:59:08.413666,546,0.5677623442064706,0.5813931171051228,Normal
2024-11-20 15:59:09.414342,514,0.6031092030378805,0.5823818645354097,Normal
2024-11-20 15:59:10.415019,526,0.589350138810969,0.5825864057242166,Normal
2024-11-20 15:59:11.415610,514,0.6031092030378805,0.582843968885991,Normal
2024-11-20 15:59:12.416228,523,0.5927307123036173,0.5823478351026191,Normal
2024-11-20 15:59:13.417022,522,0.5938662050091273,0.5829692428373909,Normal
2024-11-20 15:59:14.417637,517,0.5996095574668701,0.5871570309682728,Normal
2024-11-20 15:59:15.418232,531,0.5838007348732992,0.5887172137808865,Normal
2024-11-20 15:59:16.418820,531,0.5838007348732992,0.5896032794200489,Normal
2024-11-20 15:59:17.419411,531,0.5838007348732992,0.5888092045946067,Normal
2024-11-20 15:59:18.420118,531,0.5838007348732992,0.5886365072122853,Normal
2024-11-20 15:59:19.421049,540,0.5740707784825679,0.5896419608926432,Normal
2024-11-20 15:59:20.421704,514,0.6031092030378805,0.5904533815267118,Normal
2024-11-20 15:59:21.422292,532,0.5827033714653167,0.5919491892606016,Normal
2024-11-20 15:59:22.422878,477,0.6498909545870876,0.5932596515059793,Normal
2024-11-20 15:59:23.423464,511,0.606649940088426,0.5945215017843661,Normal
2024-11-20 15:59:24.424090,509,0.6090336188522231,0.5957869345100373,Normal
2024-11-20 15:59:25.424676,527,0.5882318339303887,0.5968295556175951,Normal
2024-11-20 15:59:26.427823,530,0.5849022392510534,0.5968616302086908,Normal
2024-11-20 15:59:27.428545,526,0.589350138810969,0.5972417535720191,Normal
2024-11-20 15:59:28.431709,527,0.5882318339303887,0.5985997657328569,Normal
2024-11-20 15:59:29.432300,526,0.589350138810969,0.5994359809917639,Normal
2024-11-20 15:59:30.432888,494,0.6275264264535992,0.6011994839905704,Normal
2024-11-20 15:59:31.433481,518,0.5984520169859987,0.6022247794046606,Normal
2024-11-20 15:59:32.434063,525,0.5904727038754628,0.6036893537356051,Normal
2024-11-20 15:59:33.434644,514,0.6031092030378805,0.60487180641208,Normal
2024-11-20 15:59:34.435246,533,0.581610125719719,0.6057467665771721,Normal
2024-11-20 15:59:35.436064,526,0.589350138810969,0.6074044085106236,Normal
2024-11-20 15:59:36.437177,523,0.5927307123036173,0.60709964332267,Normal
2024-11-20 15:59:37.437772,489,0.6339428114054901,0.6072692562403379,Normal
2024-11-20 15:59:38.438487,513,0.6042848474015069,0.6075792232528687,Normal
2024-11-20 15:59:39.439407,540,0.5740707784825679,0.6079249143307596,Normal
2024-11-20 15:59:40.440033,541,0.5730096555823802,0.6086853262497475,Normal
2024-11-20 15:59:41.440616,521,0.5950060565858437,0.6089524538656892,Normal
2024-11-20 15:59:42.441189,472,0.6567753474500485,0.6094030900010341,Normal
2024-11-20 15:59:43.441771,478,0.6485313588970448,0.6094989565874186,Normal
2024-11-20 15:59:44.442383,490,0.6326490587508528,0.60987266953024,Normal
2024-11-20 15:59:45.443128,493,0.6287992915257531,0.6097552080585974,Normal
2024-11-20 15:59:46.443793,508,0.6102324966127175,0.6106910707481504,Normal
2024-11-20 15:59:47.444462,503,0.6162983886182809,0.6120656301669308,Normal
2024-11-20 15:59:48.445119,505,0.6138576179037316,0.6155603784589475,Normal
2024-11-20 15:59:49.445768,507,0.6114361036451256,0.6173255996290181,Normal
2024-11-20 15:59:50.446369,502,0.6175260670701038,0.6183080950013129,Normal
2024-11-20 15:59:51.447057,475,0.6526273196953872,0.6193470319680541,Normal
2024-11-20 15:59:52.447814,481,0.644486490835506,0.6203952792929817,Normal
2024-11-20 15:59:53.448555,506,0.6126444679884372,0.6218100394309325,Normal
2024-11-20 15:59:54.449562,493,0.6287992915257531,0.6231763412736219,Normal
2024-11-20 15:59:55.450155,520,0.5961502921809504,0.6242034139479478,Normal
2024-11-20 15:59:56.450732,508,0.6102324966127175,0.6263208112693671,Normal
2024-11-20 15:59:57.451325,526,0.589350138810969,0.6274260248371449,Normal
2024-11-20 15:59:58.451958,529,0.5860079080822022,0.6277315600437431,Normal
2024-11-20 15:59:59.452562,528,0.5871177650282735,0.6278118988903372,Normal
2024-11-20 16:00:00.453225,526,0.589350138810969,0.6276446705808431,Normal
2024-11-20 16:00:01.454018,482,0.6431493905329655,0.6266895615967121,Normal
2024-11-20 16:00:02.454702,479,0.6471774399789898,0.6257104290015347,Normal
2024-11-20 16:00:03.455795,486,0.6378560136756329,0.6257782183290883,Normal
2024-11-20 16:00:04.456478,483,0.6418178268421052,0.6250942596725528,Normal
2024-11-20 16:00:05.457061,486,0.6378560136756329,0.6233474035237285,Normal
2024-11-20 16:00:06.457768,483,0.6418178268421052,0.6217107517614839,Normal
2024-11-20 16:00:07.459129,487,0.63654625607106,0.6203561872342133,Normal
2024-11-20 16:00:08.460804,477,0.6498909545870876,0.6158497538480296,Normal
2024-11-20 16:00:09.461410,483,0.6418178268421052,0.6127599796961427,Normal
2024-11-20 16:00:10.462402,478,0.6485313588970448,0.6101335192024149,Normal
2024-11-20 16:00:11.462990,482,0.6431493905329655,0.6082381440086082,Normal
2024-11-20 16:00:12.463584,512,0.6054650840981236,0.6076893337208346,Normal
2024-11-20 16:00:13.464229,518,0.5984520169859987,0.6079364360924192,Normal
2024-11-20 16:00:14.464935,504,0.6150755818763813,0.6103016809354979,Normal
2024-11-20 16:00:15.465582,480,0.6458291623533264,0.6129246527544637,Normal
2024-11-20 16:00:16.466193,497,0.6237385642061388,0.6162978794113626,Normal
2024-11-20 16:00:17.466846,504,0.6150755818763813,0.6203232522569869,Normal
2024-11-20 16:00:18.467892,517,0.5996095574668701,0.6240266589450969,Normal
2024-11-20 16:00:19.471873,525,0.5904727038754628,0.6248526963088621,Normal
2024-11-20 16:00:20.472621,523,0.5927307123036173,0.6265901295068103,Normal
2024-11-20 16:00:21.473291,528,0.5871177650282735,0.6296315736407491,Normal
2024-11-20 16:00:22.473918,529,0.5860079080822022,0.6322899659891404,Normal
2024-11-20 16:00:23.474540,520,0.5961502921809504,0.6338644524132397,Normal
2024-11-20 16:00:24.475184,508,0.6102324966127175,0.6353155490337997,Normal
2024-11-20 16:00:25.475801,526,0.589350138810969,0.6361890155818211,Normal
2024-11-20 16:00:26.476783,504,0.6150755818763813,0.6372770258048068,Normal
2024-11-20 16:00:27.477885,505,0.6138576179037316,0.6396531953289277,Normal
2024-11-20 16:00:28.478596,501,0.6187586464035851,0.64162333331165,Normal
2024-11-20 16:00:29.479230,504,0.6150755818763813,0.6438804477961791,Normal
2024-11-20 16:00:30.479805,504,0.6150755818763813,0.6467072073049712,Normal
2024-11-20 16:00:31.480385,517,0.5996095574668701,0.6479701246663538,Normal
2024-11-20 16:00:32.480963,515,0.6019381242559511,0.6496612527709558,Normal
2024-11-20 16:00:33.481605,394,0.7867958399312087,0.6517161320538172,Normal
2024-11-20 16:00:34.482236,404,0.7673208448152998,0.6533611160109007,Normal
2024-11-20 16:00:35.483012,404,0.7673208448152998,0.6546368230047914,Normal
2024-11-20 16:00:36.483589,404,0.7673208448152998,0.6565774229262826,Normal
2024-11-20 16:00:37.484174,428,0.7242938193671962,0.6574182105063058,Normal
2024-11-20 16:00:38.484774,432,0.7175874432382545,0.6575528635489076,Normal
2024-11-20 16:00:39.485372,477,0.6498909545870876,0.6581310698994374,Normal
2024-11-20 16:00:40.486029,487,0.63654625607106,0.6548803911164593,Normal
2024-11-20 16:00:41.487052,507,0.6114361036451256,0.6506978335837525,Normal
2024-11-20 16:00:42.488133,499,0.6212386255716649,0.6527018594570109,Normal
2024-11-20 16:00:43.488705,496,0.6249960937744139,0.6538189188411506,Normal
2024-11-20 16:00:44.489297,446,0.6950624334225479,0.6544543843590618,Normal
2024-11-20 16:00:45.495869,450,0.6888841432425687,0.6545016795269115,Normal
2024-11-20 16:00:46.497068,508,0.6102324966127175,0.6539114725117564,Normal
2024-11-20 16:00:47.498025,494,0.6275264264535992,0.6533890553303745,Normal
2024-11-20 16:00:48.498621,488,0.6352418662914232,0.6516104163860285,Normal
2024-11-20 16:00:49.499202,496,0.6249960937744139,0.6492939558125762,Normal
2024-11-20 16:00:50.503788,489,0.6339428114054901,0.6493318450456731,Normal
2024-11-20 16:00:51.504429,503,0.6162983886182809,0.6491633962230932,Normal
2024-11-20 16:00:52.505029,502,0.6175260670701038,0.6478564664689827,Normal
2024-11-20 16:00:53.505615,489,0.6339428114054901,0.6461775327637618,Normal
2024-11-20 16:00:54.506744,506,0.6126444679884372,0.6446471242232776,Normal
2024-11-20 16:00:55.508588,525,0.5904727038754628,0.6429412944403899,Normal
2024-11-20 16:00:56.514967,488,0.6352418662914232,0.6406593837480976,Normal
2024-11-20 16:00:57.516590,497,0.6237385642061388,0.635953701233017,Normal
2024-11-20 16:00:58.517158,515,0.6019381242559511,0.6302009431302742,Normal
2024-11-20 16:00:59.517741,495,0.6262587042384179,0.6325378879501352,Normal
2024-11-20 16:01:00.518325,491,0.6313605759311907,0.6323462509156459,Normal
2024-11-20 16:01:01.518959,504,0.6150755818763813,0.6345720498692777,Normal
2024-11-20 16:01:02.519865,478,0.6485313588970448,0.6359340559187575,Normal
2024-11-20 16:01:03.520525,489,0.6339428114054901,0.6374374416972015,Normal
2024-11-20 16:01:04.521208,515,0.6019381242559511,0.6383357629070218,Normal
2024-11-20 16:01:05.521800,413,0.7505996928352354,0.6389607570780467,Normal
2024-11-20 16:01:06.522396,368,0.8423842081765072,0.6327977606552563,Normal
2024-11-20 16:01:07.523109,494,0.6275264264535992,0.6267071205381444,Normal
2024-11-20 16:01:08.524419,482,0.6431493905329655,0.6273510771021483,Normal
2024-11-20 16:01:09.525265,487,0.63654625607106,0.6281789107930679,Normal
2024-11-20 16:01:10.526150,487,0.63654625607106,0.6312581274554356,Normal
2024-11-20 16:01:11.526788,477,0.6498909545870876,0.6343416924164244,Normal
2024-11-20 16:01:12.527415,492,0.6300773308135661,0.6344194920226979,Normal
2024-11-20 16:01:13.528027,470,0.6595701177290108,0.6360380497760588,Normal
2024-11-20 16:01:14.531791,455,0.6813140393988524,0.6380051414986458,Normal
2024-11-20 16:01:15.532370,512,0.6054650840981236,0.6359557561951995,Normal
2024-11-20 16:01:16.532963,544,0.5698496938712299,0.6354706935206732,Normal
2024-11-20 16:01:17.533600,505,0.6138576179037316,0.6381429202820716,Normal
2024-11-20 16:01:18.535766,507,0.6114361036451256,0.6409550299620255,Normal
2024-11-20 16:01:19.536627,520,0.5961502921809504,0.6439839259466504,Normal
2024-11-20 16:01:20.537496,534,0.5805209745037061,0.6455076996535626,Normal
2024-11-20 16:01:21.539823,534,0.5805209745037061,0.6462354471365271,Normal
2024-11-20 16:01:22.540460,491,0.6313605759311907,0.6480214514034484,Normal
2024-11-20 16:01:23.541386,470,0.6595701177290108,0.6490447201935357,Normal
2024-11-20 16:01:24.542184,541,0.5730096555823802,0.6494602143287955,Normal
2024-11-20 16:01:25.542812,470,0.6595701177290108,0.6504603868982907,Normal
2024-11-20 16:01:26.543412,517,0.5996095574668701,0.6517986451811696,Normal
2024-11-20 16:01:27.544045,476,0.6512562628268598,0.6521779522115337,Normal
2024-11-20 16:01:28.546032,496,0.6249960937744139,0.6536104055554001,Normal
2024-11-20 16:01:29.546905,472,0.6567753474500485,0.6535474795948172,Normal
2024-11-20 16:01:30.547583,510,0.6078394425445649,0.6526115088551222,Normal
2024-11-20 16:01:31.548207,367,0.8446795136062883,0.6561840106260172,Normal
2024-11-20 16:01:32.548892,362,0.8563462578082894,0.663283808947677,Normal
2024-11-20 16:01:33.549901,473,0.6553868251603425,0.6644941652620704,Normal
2024-11-20 16:01:34.551618,476,0.6512562628268598,0.6664505726437187,Normal
2024-11-20 16:01:35.553720,477,0.6498909545870876,0.6671111806230136,Normal
2024-11-20 16:01:36.554502,473,0.6553868251603425,0.6672674788209128,Normal
2024-11-20 16:01:37.555124,452,0.6858360042220949,0.6679341194117695,Normal
2024-11-20 16:01:38.555735,476,0.6512562628268598,0.6679818283140874,Normal
2024-11-20 16:01:39.556375,480,0.6458291623533264,0.6684095471939259,Normal
2024-11-20 16:01:40.557062,396,0.7828221546750518,0.6700926296735532,Normal
2024-11-20 16:01:41.557639,408,0.7597981485924985,0.6694740211654171,Normal
2024-11-20 16:01:42.558222,484,0.6404917654453041,0.6674609582542527,Normal
2024-11-20 16:01:43.558810,494,0.6275264264535992,0.6663051084723889,Normal
2024-11-20 16:01:44.559392,494,0.6275264264535992,0.6650381493953447,Normal
2024-11-20 16:01:45.560041,477,0.6498909545870876,0.6636215288085082,Normal
2024-11-20 16:01:46.560658,481,0.644486490835506,0.6613257337821267,Normal
2024-11-20 16:01:47.561309,481,0.644486490835506,0.6578643764751461,Normal
2024-11-20 16:01:48.562023,474,0.6540041615761585,0.6557304092956779,Normal
2024-11-20 16:01:49.562613,481,0.644486490835506,0.6546432858720158,Normal
2024-11-20 16:01:50.563201,485,0.6391711723079708,0.6507735299575437,Normal
2024-11-20 16:01:51.563827,497,0.6237385642061388,0.649384725490996,Normal
2024-11-20 16:01:52.564503,493,0.6287992915257531,0.6458686097207688,Normal
2024-11-20 16:01:53.565342,503,0.6162983886182809,0.6434001883764997,Normal
2024-11-20 16:01:54.565934,480,0.6458291623533264,0.6401227521133561,Normal
2024-11-20 16:01:55.566528,489,0.6339428114054901,0.6376294811946103,Normal
2024-11-20 16:01:56.567117,492,0.6300773308135661,0.6332724329833422,Normal
2024-11-20 16:01:57.567715,495,0.6262587042384179,0.6367513524212207,Normal
2024-11-20 16:01:58.568281,497,0.6237385642061388,0.6419914703956642,Normal
2024-11-20 16:01:59.568926,512,0.6054650840981236,0.6384971804368028,Normal
2024-11-20 16:02:00.570175,487,0.63654625607106,0.6391660974772666,Normal
2024-11-20 16:02:01.570840,476,0.6512562628268598,0.6392895767255373,Normal
2024-11-20 16:02:02.571481,479,0.6471774399789898,0.6394015140643782,Normal
2024-11-20 16:02:03.572115,479,0.6471774399789898,0.6407015378893962,Normal
2024-11-20 16:02:04.572706,466,0.6652316261415429,0.6397886402998538,Normal
2024-11-20 16:02:05.573354,476,0.6512562628268598,0.6393825361979003,Normal
2024-11-20 16:02:06.574208,474,0.6540041615761585,0.6421323341542345,Normal
2024-11-20 16:02:07.574796,473,0.6553868251603425,0.6448779123340607,Normal
2024-11-20 16:02:08.575562,469,0.6609764413071044,0.6446453581828114,Normal
2024-11-20 16:02:09.576371,472,0.6567753474500485,0.6448505657824894,Normal
2024-11-20 16:02:10.577128,487,0.63654625607106,0.6438982375413863,Normal
2024-11-20 16:02:11.578014,488,0.6352418662914232,0.6395407775274958,Normal
2024-11-20 16:02:12.579102,470,0.6595701177290108,0.6407419883440185,Normal
2024-11-20 16:02:13.580032,472,0.6567753474500485,0.6417146254856096,Normal
2024-11-20 16:02:14.581067,479,0.6471774399789898,0.6433416758503704,Normal
2024-11-20 16:02:15.581661,480,0.6458291623533264,0.6454147603918495,Normal
2024-11-20 16:02:16.582673,486,0.6378560136756329,0.646344600412595,Normal
2024-11-20 16:02:17.583589,483,0.6418178268421052,0.6465438186596305,Normal
2024-11-20 16:02:18.584233,477,0.6498909545870876,0.6471305743656541,Normal
2024-11-20 16:02:19.585241,480,0.6458291623533264,0.6471646038299567,Normal
2024-11-20 16:02:20.585933,480,0.6458291623533264,0.6474712549641936,Normal
2024-11-20 16:02:21.586507,474,0.6540041615761585,0.6479880759620786,Normal
2024-11-20 16:02:22.587106,487,0.63654625607106,0.6479311096655949,Normal
2024-11-20 16:02:23.587700,498,0.6224860849259775,0.6475580519955083,Normal
2024-11-20 16:02:24.589910,416,0.7451867546179344,0.647185015123683,Normal
2024-11-20 16:02:25.590536,512,0.6054650840981236,0.6473673839076014,Normal
2024-11-20 16:02:26.591130,504,0.6150755818763813,0.6487925995570369,Normal
2024-11-20 16:02:27.591854,504,0.6150755818763813,0.6508398766373538,Normal
2024-11-20 16:02:28.593055,515,0.6019381242559511,0.6520283481014111,Normal
2024-11-20 16:02:29.594912,483,0.6418178268421052,0.6537360406763132,Normal
2024-11-20 16:02:30.595505,503,0.6162983886182809,0.6556777192489178,Normal
2024-11-20 16:02:31.596207,471,0.6581697657616267,0.6569591111519831,Normal
2024-11-20 16:02:32.596920,467,0.6638071567405013,0.6581871858923333,Normal
2024-11-20 16:02:33.598221,469,0.6609764413071044,0.6596739206356776,Normal
2024-11-20 16:02:34.604003,490,0.6326490587508528,0.6607879380538102,Normal
2024-11-20 16:02:35.604606,462,0.6709911686739765,0.6623280915722339,Normal
2024-11-20 16:02:36.605744,374,0.82887013503364,0.6629578167628307,Normal
2024-11-20 16:02:37.606332,474,0.6540041615761585,0.6627536447624407,Normal
2024-11-20 16:02:38.606980,467,0.6638071567405013,0.663681315422161,Normal
2024-11-20 16:02:39.607847,474,0.6540041615761585,0.6648336390263758,Normal
2024-11-20 16:02:40.608748,493,0.6287992915257531,0.6660412271206537,Normal
2024-11-20 16:02:41.609511,469,0.6609764413071044,0.6662237464392203,Normal
2024-11-20 16:02:42.610106,462,0.6709911686739765,0.6661859585191503,Normal
2024-11-20 16:02:43.610696,468,0.6623887747752099,0.6663933823624049,Normal
2024-11-20 16:02:44.611476,465,0.6666622222518517,0.6665876486883376,Normal
2024-11-20 16:02:45.612183,450,0.6888841432425687,0.6669936237686361,Normal
2024-11-20 16:02:46.613045,460,0.6739085019209653,0.6673101488323011,Normal
2024-11-20 16:02:47.613664,448,0.6919594976016907,0.6679594829892972,Normal
2024-11-20 16:02:48.614368,441,0.7029429044829844,0.6678377382688873,Normal
2024-11-20 16:02:49.618176,440,0.7045404907374515,0.6669631791238706,Normal
2024-11-20 16:02:50.621914,466,0.6652316261415429,0.6676148114353427,Normal
2024-11-20 16:02:51.622609,479,0.6471774399789898,0.6667541702139639,Normal
2024-11-20 16:02:52.626334,488,0.6352418662914232,0.6647901030851197,Normal
2024-11-20 16:02:53.628978,472,0.6567753474500485,0.6627069445808343,Normal
2024-11-20 16:02:54.633359,488,0.6352418662914232,0.6597869983717468,Normal
2024-11-20 16:02:55.635198,483,0.6418178268421052,0.6579269753267187,Normal
2024-11-20 16:02:56.636265,478,0.6485313588970448,0.6563951907498908,Normal
2024-11-20 16:02:57.640243,476,0.6512562628268598,0.6555537567539373,Normal
2024-11-20 16:02:58.644240,483,0.6418178268421052,0.6553433381925978,Normal
2024-11-20 16:02:59.645057,470,0.6595701177290108,0.6549348776385123,Normal
2024-11-20 16:03:00.649627,484,0.6404917654453041,0.6533405410466576,Normal
2024-11-20 16:03:01.653584,479,0.6471774399789898,0.6525586095350638,Normal
2024-11-20 16:03:02.657874,462,0.6709911686739765,0.6564153207346537,Normal
2024-11-20 16:03:03.663859,472,0.6567753474500485,0.655198753324622,Normal
2024-11-20 16:03:04.664788,480,0.6458291623533264,0.6543508367487156,Normal
2024-11-20 16:03:05.666363,492,0.6300773308135661,0.6530338917040548,Normal
2024-11-20 16:03:06.670508,470,0.6595701177290108,0.6506080157506093,Normal
2024-11-20 16:03:07.671295,472,0.6567753474500485,0.6490027487499173,Normal
2024-11-20 16:03:08.675054,478,0.6485313588970448,0.6476139376161405,Normal
2024-11-20 16:03:09.679041,474,0.6540041615761585,0.646058928833235,Normal
2024-11-20 16:03:10.681544,485,0.6391711723079708,0.644675520078689,Normal
2024-11-20 16:03:11.682287,487,0.63654625607106,0.643466803403332,Normal
2024-11-20 16:03:12.685910,494,0.6275264264535992,0.6396382500821621,Normal
2024-11-20 16:03:13.686638,493,0.6287992915257531,0.6392213809945472,Normal
2024-11-20 16:03:14.687511,492,0.6300773308135661,0.6386776299085605,Normal
2024-11-20 16:03:15.688673,437,0.7093771188350837,0.6388466031081218,Normal
2024-11-20 16:03:16.692004,494,0.6275264264535992,0.6379010448119243,Normal
2024-11-20 16:03:17.693042,467,0.6638071567405013,0.6369016235033107,Normal
2024-11-20 16:03:18.693719,469,0.6609764413071044,0.6353824863678816,Normal
2024-11-20 16:03:19.694447,464,0.6680989846835076,0.6344292482364942,Normal
2024-11-20 16:03:20.695160,465,0.6666622222518517,0.6326808659118254,Normal
2024-11-20 16:03:21.703739,499,0.6212386255716649,0.6308788132004037,Normal
2024-11-20 16:03:22.704452,493,0.6287992915257531,0.6290943789200563,Normal
2024-11-20 16:03:23.705882,512,0.6054650840981236,0.6276646669714504,Normal
2024-11-20 16:03:24.709678,517,0.5996095574668701,0.6259440126025788,Normal
2024-11-20 16:03:25.710856,518,0.5984520169859987,0.6246339787984109,Normal
2024-11-20 16:03:26.714935,519,0.5972989371354429,0.6224244986087962,Normal
2024-11-20 16:03:27.721450,511,0.606649940088426,0.6205019354964183,Normal
2024-11-20 16:03:28.724304,505,0.6138576179037316,0.6187615801602194,Normal
2024-11-20 16:03:29.728089,512,0.6054650840981236,0.6167083377188901,Normal
2024-11-20 16:03:30.728717,512,0.6054650840981236,0.6148465804747945,Normal
2024-11-20 16:03:31.729347,509,0.6090336188522231,0.6125375419902804,Normal
2024-11-20 16:03:32.729933,512,0.6054650840981236,0.6111311576760179,Normal
2024-11-20 16:03:33.730742,513,0.6042848474015069,0.609146151245569,Normal
2024-11-20 16:03:34.732026,519,0.5972989371354429,0.6071593763351779,Normal
2024-11-20 16:03:35.732856,525,0.5904727038754628,0.6031828040178201,Normal
2024-11-20 16:03:36.733445,512,0.6054650840981236,0.6001401413156917,Normal
2024-11-20 16:03:37.734117,450,0.6888841432425687,0.5990243107836801,Normal
2024-11-20 16:03:38.734765,516,0.6007715845117985,0.5982819910244175,Normal
2024-11-20 16:03:39.735349,498,0.6224860849259775,0.5976150565428109,Normal
2024-11-20 16:03:40.736072,509,0.6090336188522231,0.5976463760026717,Normal
2024-11-20 16:03:41.736924,506,0.6126444679884372,0.6003320358395118,Normal
2024-11-20 16:03:42.737581,521,0.5950060565858437,0.6011339400626603,Normal
2024-11-20 16:03:43.738167,521,0.5950060565858437,0.6008539779537057,Normal
2024-11-20 16:03:44.738753,523,0.5927307123036173,0.6016706933797789,Normal
2024-11-20 16:03:45.739330,522,0.5938662050091273,0.6042574940365499,Normal
2024-11-20 16:03:46.740093,519,0.5972989371354429,0.6078702371967025,Normal
2024-11-20 16:03:47.746440,516,0.6007715845117985,0.6090735372399085,Normal
2024-11-20 16:03:48.747190,526,0.589350138810969,0.6103374632305553,Normal
2024-11-20 16:03:49.747872,529,0.5860079080822022,0.6116539877228757,Normal
2024-11-20 16:03:50.748456,528,0.5871177650282735,0.6130150832710917,Normal
2024-11-20 16:03:51.749057,519,0.5972989371354429,0.6144127224294251,Normal
2024-11-20 16:03:52.750013,523,0.5927307123036173,0.6158388777520979,Normal
2024-11-20 16:03:53.751151,505,0.6138576179037316,0.6172855217933318,Normal
2024-11-20 16:03:54.751810,502,0.6175260670701038,0.6187446271073487,Normal
2024-11-20 16:03:55.752479,513,0.6042848474015069,0.6202081662483704,Normal
2024-11-20 16:03:56.753045,513,0.6042848474015069,0.6216681117706188,Normal
2024-11-20 16:03:57.753630,512,0.6054650840981236,0.6231164362283157,Normal
2024-11-20 16:03:58.754285,492,0.6300773308135661,0.624545112175683,Normal
2024-11-20 16:03:59.754964,491,0.6313605759311907,0.6259461121669425,Normal
2024-11-20 16:04:00.755628,429,0.7226055009858903,0.6273114087563161,Normal
2024-11-20 16:04:01.756237,443,0.6997693695597164,0.6286329744980257,Normal
2024-11-20 16:04:02.756821,480,0.6458291623533264,0.629902781946293,Normal
2024-11-20 16:04:03.757471,492,0.6300773308135661,0.63111280365534,Normal
2024-11-20 16:04:04.758188,490,0.6326490587508528,0.6322550121793884,Normal
2024-11-20 16:04:05.759065,506,0.6126444679884372,0.6333213800726601,Normal
2024-11-20 16:04:06.759658,508,0.6102324966127175,0.6343038798893771,Normal
2024-11-20 16:04:07.760261,517,0.5996095574668701,0.635194484183761,Normal
2024-11-20 16:04:08.767165,454,0.6828147208686461,0.6359851655100339,Normal
2024-11-20 16:04:09.767989,468,0.6623887747752099,0.6366678964224175,Normal
2024-11-20 16:04:10.769335,497,0.6237385642061388,0.6372346494751336,Normal
2024-11-20 16:04:11.770013,520,0.5961502921809504,0.6376773972224042,Normal
